<?xml version="1.0" encoding="UTF-8"?>
<configuration>
    <appender name="FILE" class="ch.qos.logback.core.FileAppender">
        <file>logs/app.log</file>
        <encoder>
            <pattern>%d{yyyy-MM-dd HH:mm:ss} - %msg%n</pattern>
        </encoder>
    </appender>

    <root level="INFO">
        <appender-ref ref="FILE" />
    </root>

    <logger name="com.revtaskmanagement" level="DEBUG" additivity="false">
        <appender-ref ref="CONSOLE" />
    </logger>

</configuration>
